Time,Consumption,Pred
2018-07-01 00:00:00,0.0646176416666668,0.11455413
2018-07-01 01:00:00,0.0817707138888889,0.08237534
2018-07-01 02:00:00,0.0593631999999999,0.095399134
2018-07-01 03:00:00,0.0699599444444442,0.08404244
2018-07-01 04:00:00,0.081021972222222,0.10633357
2018-07-01 05:00:00,0.0481725611111111,0.1369941
2018-07-01 06:00:00,0.0804059111111108,0.12641232
2018-07-01 07:00:00,0.330646675,0.17639354
2018-07-01 08:00:00,0.2796875972222232,0.3433822
2018-07-01 09:00:00,0.2593106472222216,0.3076759
2018-07-01 10:00:00,0.1176022277777776,0.31396294
2018-07-01 11:00:00,0.0878762916666666,0.2263498
2018-07-01 12:00:00,0.444235713888888,0.17163908
2018-07-01 13:00:00,0.0766977055555556,0.3998989
2018-07-01 14:00:00,0.0901743194444445,0.22243017
2018-07-01 15:00:00,0.0997216027777777,0.20780046
2018-07-01 16:00:00,0.0765418194444445,0.21873182
2018-07-01 17:00:00,0.0517381444444444,0.2318626
2018-07-01 18:00:00,0.0993133388888887,0.27474535
2018-07-01 19:00:00,0.106048775,0.314221
2018-07-01 20:00:00,0.055053475,0.3106858
2018-07-01 21:00:00,0.0653389805555556,0.16711284
2018-07-01 22:00:00,0.0518159666666667,0.15861921
2018-07-01 23:00:00,0.0440771027777777,0.12498216
2018-07-02 00:00:00,0.0631580416666668,0.11836089
2018-07-02 01:00:00,0.0336244555555554,0.14541483
2018-07-02 02:00:00,0.0601496722222223,0.13849223
2018-07-02 03:00:00,0.2532551722222228,0.16867621
2018-07-02 04:00:00,0.0575819583333334,0.3418551
2018-07-02 05:00:00,0.0716543611111113,0.19911496
2018-07-02 06:00:00,0.059341675,0.1923591
2018-07-02 07:00:00,0.0333351972222221,0.21032627
2018-07-02 08:00:00,0.058167075,0.173884
2018-07-02 09:00:00,0.0349923861111111,0.19226152
2018-07-02 10:00:00,0.0527359305555557,0.18080592
2018-07-02 11:00:00,0.0587268166666668,0.2190027
2018-07-02 12:00:00,0.0294282444444443,0.27108106
2018-07-02 13:00:00,0.0588591916666667,0.17852278
2018-07-02 14:00:00,0.0311527944444444,0.20823738
2018-07-02 15:00:00,0.0566932666666668,0.19810548
2018-07-02 16:00:00,0.3804670555555557,0.2082774
2018-07-02 17:00:00,0.3072990750000012,0.4180557
2018-07-02 18:00:00,0.5600782500000011,0.34628674
2018-07-02 19:00:00,0.5325447611111103,0.42438033
2018-07-02 20:00:00,0.0444989666666666,0.3150057
2018-07-02 21:00:00,0.0760234388888886,0.11682206
2018-07-02 22:00:00,0.0544248,0.1271564
2018-07-02 23:00:00,0.0492822138888889,0.09988347
2018-07-03 00:00:00,0.0591046361111112,0.09714903
2018-07-03 01:00:00,0.0290728638888887,0.12516889
2018-07-03 02:00:00,0.3458743083333332,0.14398639
2018-07-03 03:00:00,0.2681805416666676,0.39641955
2018-07-03 04:00:00,0.0396886305555555,0.27569953
2018-07-03 05:00:00,0.0597552222222222,0.13489108
2018-07-03 06:00:00,0.0559808527777777,0.10599861
2018-07-03 07:00:00,0.0319120055555555,0.09221202
2018-07-03 08:00:00,0.0594614499999999,0.08048845
2018-07-03 09:00:00,0.0360429194444444,0.11076041
2018-07-03 10:00:00,0.0525917555555553,0.112466924
2018-07-03 11:00:00,0.0595011083333333,0.13704556
2018-07-03 12:00:00,0.0287926666666666,0.16112502
2018-07-03 13:00:00,0.0596124305555555,0.16005778
2018-07-03 14:00:00,0.033713761111111,0.20309114
2018-07-03 15:00:00,0.0535530833333332,0.23034322
2018-07-03 16:00:00,0.3249820055555555,0.3102519
2018-07-03 17:00:00,0.2647353111111117,0.48833668
2018-07-03 18:00:00,0.0967051833333333,0.40667048
2018-07-03 19:00:00,0.0728733722222222,0.24517994
2018-07-03 20:00:00,0.0516420972222221,0.12198844
2018-07-03 21:00:00,0.0396698138888888,0.100739054
2018-07-03 22:00:00,0.0596702305555555,0.100901864
2018-07-03 23:00:00,0.0370933527777778,0.14124735
2018-07-04 00:00:00,0.0514572638888887,0.16116568
2018-07-04 01:00:00,0.059644736111111,0.20930697
2018-07-04 02:00:00,0.3227025694444443,0.28378412
2018-07-04 03:00:00,0.2783205416666671,0.43781704
2018-07-04 04:00:00,0.0702393111111111,0.3263751
2018-07-04 05:00:00,0.030861275,0.17744736
2018-07-04 06:00:00,0.0584081638888888,0.112026006
2018-07-04 07:00:00,0.0496590944444444,0.11218539
2018-07-04 08:00:00,0.0377225944444443,0.10381305
2018-07-04 09:00:00,0.0589930472222223,0.0951478
2018-07-04 10:00:00,0.032387625,0.12369293
2018-07-04 11:00:00,0.0554695861111112,0.12437357
2018-07-04 12:00:00,0.0593928999999999,0.15613832
2018-07-04 13:00:00,0.0288423527777777,0.1832916
2018-07-04 14:00:00,0.0593842472222222,0.18995997
2018-07-04 15:00:00,0.0412376972222221,0.24717069
2018-07-04 16:00:00,0.6721053888888888,0.28375036
2018-07-04 17:00:00,0.8503341166666664,0.55682117
2018-07-04 18:00:00,0.0968414583333333,0.42379183
2018-07-04 19:00:00,0.1180442583333331,0.14054307
2018-07-04 20:00:00,0.1061453749999999,0.18357907
2018-07-04 21:00:00,0.055119436111111,0.15136975
2018-07-04 22:00:00,0.077420086111111,0.103748485
2018-07-04 23:00:00,0.0791845611111109,0.1271094
2018-07-05 00:00:00,0.0476335055555555,0.1554164
2018-07-05 01:00:00,0.0796081777777779,0.16788727
2018-07-05 02:00:00,0.3486025805555561,0.24445032
2018-07-05 03:00:00,0.2648727138888889,0.40357688
2018-07-05 04:00:00,0.1826886166666679,0.27474108
2018-07-05 05:00:00,0.0551323166666666,0.21856187
2018-07-05 06:00:00,0.0317084972222221,0.119037166
2018-07-05 07:00:00,0.0583873361111109,0.07689464
2018-07-05 08:00:00,0.0402687666666666,0.09996582
2018-07-05 09:00:00,0.0470228638888888,0.10187701
2018-07-05 10:00:00,0.0587048972222221,0.11812122
2018-07-05 11:00:00,0.0286488388888889,0.14667839
2018-07-05 12:00:00,0.0584849694444444,0.14753927
2018-07-05 13:00:00,0.0460665416666667,0.18519597
2018-07-05 14:00:00,0.0430229888888888,0.19813317
2018-07-05 15:00:00,0.0599624722222221,0.22057445
2018-07-05 16:00:00,0.3292031166666667,0.3006594
2018-07-05 17:00:00,0.4896532944444446,0.48553115
2018-07-05 18:00:00,0.1136977027777778,0.39824376
2018-07-05 19:00:00,0.0621976027777778,0.19079392
2018-07-05 20:00:00,0.0414373944444445,0.13429187
2018-07-05 21:00:00,0.0659039583333333,0.095633276
2018-07-05 22:00:00,0.0432577833333333,0.121447116
2018-07-05 23:00:00,0.0495830222222223,0.12759687
2018-07-06 00:00:00,0.0632545555555555,0.16231501
2018-07-06 01:00:00,0.0289021944444445,0.23184729
2018-07-06 02:00:00,0.0622226777777775,0.27561298
2018-07-06 03:00:00,0.2473612166666668,0.26334798
2018-07-06 04:00:00,0.0707548916666666,0.37707028
2018-07-06 05:00:00,0.0399118138888888,0.18700956
2018-07-06 06:00:00,0.0627702333333332,0.12401265
2018-07-06 07:00:00,0.0622545555555554,0.13036403
2018-07-06 08:00:00,0.0314581861111111,0.12504083
2018-07-06 09:00:00,0.0591069138888889,0.11044928
2018-07-06 10:00:00,0.0612503166666666,0.13984047
2018-07-06 11:00:00,0.0288385027777777,0.15493804
2018-07-06 12:00:00,0.0615787305555556,0.14781912
2018-07-06 13:00:00,0.055557925,0.18790093
2018-07-06 14:00:00,0.0345620333333334,0.21038683
2018-07-06 15:00:00,0.4111374333333327,0.233798
2018-07-06 16:00:00,0.6796775722222222,0.52079856
2018-07-06 17:00:00,0.5250313972222227,0.53345966
2018-07-06 18:00:00,0.0613876611111112,0.32847208
2018-07-06 19:00:00,0.0611772666666664,0.13240564
2018-07-06 20:00:00,0.0288837388888889,0.11678702
2018-07-06 21:00:00,0.0673459027777776,0.07593727
2018-07-06 22:00:00,0.0714062194444445,0.09428276
2018-07-06 23:00:00,0.0323014583333333,0.10888191
2018-07-07 00:00:00,0.0581321916666667,0.10097151
2018-07-07 01:00:00,0.0307589666666666,0.13980767
2018-07-07 02:00:00,0.0565929749999998,0.15969409
2018-07-07 03:00:00,0.0521931777777778,0.20940705
2018-07-07 04:00:00,0.0345549111111111,0.15600565
2018-07-07 05:00:00,0.0573340833333333,0.14387988
2018-07-07 06:00:00,0.1150694166666667,0.16550052
2018-07-07 07:00:00,0.3761277416666662,0.22509228
2018-07-07 08:00:00,0.2924135888888888,0.39787373
2018-07-07 09:00:00,0.1592485555555557,0.31094125
2018-07-07 10:00:00,0.55077256111111,0.22100899
2018-07-07 11:00:00,0.6059698361111113,0.42187133
2018-07-07 12:00:00,0.6072024388888899,0.36321455
2018-07-07 13:00:00,0.2508301722222221,0.34899405
2018-07-07 14:00:00,0.2530500361111109,0.26716563
2018-07-07 15:00:00,0.9731710611111112,0.43311915
2018-07-07 16:00:00,0.6407209111111121,0.6186896
2018-07-07 17:00:00,0.1332699916666666,0.40210956
2018-07-07 18:00:00,0.3582934138888885,0.15512718
2018-07-07 19:00:00,0.2191329111111115,0.3698949
2018-07-07 20:00:00,0.0352101777777777,0.23932561
2018-07-07 21:00:00,0.0670867777777779,0.11921033
2018-07-07 22:00:00,0.0605682944444443,0.10635159
2018-07-07 23:00:00,0.0371545916666666,0.08453829
2018-07-08 00:00:00,0.0604916861111109,0.066867165
2018-07-08 01:00:00,0.0357299027777778,0.093762144
2018-07-08 02:00:00,0.0524818194444441,0.09567734
2018-07-08 03:00:00,0.0596593694444444,0.12230771
2018-07-08 04:00:00,0.0287880472222221,0.14901346
2018-07-08 05:00:00,0.0592764472222222,0.15153755
2018-07-08 06:00:00,0.0298105138888888,0.19462085
2018-07-08 07:00:00,0.3975078333333334,0.20678192
2018-07-08 08:00:00,0.3250418694444443,0.43769032
2018-07-08 09:00:00,0.2391195388888884,0.36225903
2018-07-08 10:00:00,0.142447263888889,0.3509813
2018-07-08 11:00:00,0.1423977444444445,0.26992354
2018-07-08 12:00:00,0.0959528305555552,0.27234578
2018-07-08 13:00:00,0.2150463999999994,0.23237562
2018-07-08 14:00:00,0.0842030055555553,0.36675647
2018-07-08 15:00:00,0.0768845138888889,0.32752165
2018-07-08 16:00:00,0.0509033888888889,0.29238603
2018-07-08 17:00:00,0.0798818249999999,0.18971682
2018-07-08 18:00:00,0.1090805472222222,0.24744852
2018-07-08 19:00:00,0.058849525,0.23143347
2018-07-08 20:00:00,0.0786141305555555,0.13582979
2018-07-08 21:00:00,0.0746358666666666,0.15300462
2018-07-08 22:00:00,0.0503633472222222,0.14714012
2018-07-08 23:00:00,0.0784435249999999,0.12421636
2018-07-09 00:00:00,0.0556907555555554,0.15589514
2018-07-09 01:00:00,0.0697831222222221,0.1461399
2018-07-09 02:00:00,0.0776354472222222,0.16559304
2018-07-09 03:00:00,0.1042676138888889,0.18397897
2018-07-09 04:00:00,0.2073282250000008,0.22156325
2018-07-09 05:00:00,0.0604585305555554,0.33290717
2018-07-09 06:00:00,0.0449990333333334,0.22596554
2018-07-09 07:00:00,0.0588882805555557,0.24701178
2018-07-09 08:00:00,0.0290029138888888,0.23356842
2018-07-09 09:00:00,0.0578870055555554,0.19888198
2018-07-09 10:00:00,0.0360036055555556,0.20034468
2018-07-09 11:00:00,0.0504606222222222,0.20093784
2018-07-09 12:00:00,0.0573490638888887,0.21329589
2018-07-09 13:00:00,0.0289853194444444,0.24316368
2018-07-09 14:00:00,0.0585856305555557,0.18247506
2018-07-09 15:00:00,0.0289163194444444,0.20345658
2018-07-09 16:00:00,0.0584051249999999,0.19081314
2018-07-09 17:00:00,1.076329183333335,0.21789718
2018-07-09 18:00:00,0.5615414083333344,0.5808044
2018-07-09 19:00:00,0.0907475472222221,0.3478228
2018-07-09 20:00:00,0.0674599388888891,0.17885129
2018-07-09 21:00:00,0.0471824722222221,0.15572408
2018-07-09 22:00:00,0.0440407111111109,0.109319635
2018-07-09 23:00:00,0.0597042249999999,0.095536955
2018-07-10 00:00:00,0.037784575,0.11357199
2018-07-10 01:00:00,0.0513666333333334,0.12067032
2018-07-10 02:00:00,0.059127938888889,0.15172565
2018-07-10 03:00:00,0.2274404777777769,0.1845242
2018-07-10 04:00:00,0.0450949333333334,0.3440965
2018-07-10 05:00:00,0.0709641472222222,0.15951455
2018-07-10 06:00:00,0.0287991916666667,0.14123166
2018-07-10 07:00:00,0.058752236111111,0.11579368
2018-07-10 08:00:00,0.0524461777777779,0.1395432
2018-07-10 09:00:00,0.0348960694444444,0.14863592
2018-07-10 10:00:00,0.0585530277777777,0.14881714
2018-07-10 11:00:00,0.0287475555555555,0.18050985
2018-07-10 12:00:00,0.0590876527777778,0.17916237
2018-07-10 13:00:00,0.0465667194444444,0.21163812
2018-07-10 14:00:00,0.0417405055555555,0.21995914
2018-07-10 15:00:00,0.0592194694444444,0.23219027
2018-07-10 16:00:00,0.0301564888888888,0.28208658
2018-07-10 17:00:00,1.0877345,0.35915372
2018-07-10 18:00:00,0.1093584555555554,0.68056333
2018-07-10 19:00:00,0.0668214138888887,0.2261386
2018-07-10 20:00:00,0.0665695222222222,0.2087492
2018-07-10 21:00:00,0.0632292611111111,0.15175709
2018-07-10 22:00:00,0.0310961777777778,0.11961138
2018-07-10 23:00:00,0.0587927055555555,0.092932604
2018-07-11 00:00:00,0.0407944972222222,0.123249754
2018-07-11 01:00:00,0.0473636277777777,0.13852598
2018-07-11 02:00:00,0.0588058916666666,0.16798848
2018-07-11 03:00:00,0.183762319444444,0.21373594
2018-07-11 04:00:00,0.0782851805555558,0.27168453
2018-07-11 05:00:00,0.0580039611111112,0.17587571
2018-07-11 06:00:00,0.0288439444444443,0.13199788
2018-07-11 07:00:00,0.0573358805555556,0.11651301
2018-07-11 08:00:00,0.0347819555555555,0.1439642
2018-07-11 09:00:00,0.051489486111111,0.14378144
2018-07-11 10:00:00,0.0540440833333331,0.16687086
2018-07-11 11:00:00,0.0322456499999999,0.18341906
2018-07-11 12:00:00,0.0577420277777777,0.18421444
2018-07-11 13:00:00,0.0290643388888889,0.21395037
2018-07-11 14:00:00,0.0573102416666668,0.21440239
2018-07-11 15:00:00,0.031611811111111,0.24923296
2018-07-11 16:00:00,0.4422734388888882,0.25370938
2018-07-11 17:00:00,0.8295816527777788,0.5676668
2018-07-11 18:00:00,0.6331520722222223,0.4652319
2018-07-11 19:00:00,0.0830114638888888,0.3164237
2018-07-11 20:00:00,0.0660444555555554,0.12902701
2018-07-11 21:00:00,0.0477313805555555,0.12460558
2018-07-11 22:00:00,0.0444572888888888,0.08727465
2018-07-11 23:00:00,0.0615050305555553,0.07954305
2018-07-12 00:00:00,0.031285086111111,0.10539014
2018-07-12 01:00:00,0.0612771,0.11261539
2018-07-12 02:00:00,0.3473986166666672,0.16090125
2018-07-12 03:00:00,0.2019326611111115,0.38702136
2018-07-12 04:00:00,0.2460023222222221,0.23492578
2018-07-12 05:00:00,0.0576293666666665,0.2783879
2018-07-12 06:00:00,0.0534955444444443,0.13495123
2018-07-12 07:00:00,0.0571485611111111,0.09978183
2018-07-12 08:00:00,0.0288825194444444,0.09966281
2018-07-12 09:00:00,0.0575784472222223,0.09199499
2018-07-12 10:00:00,0.0331650555555555,0.12497647
2018-07-12 11:00:00,0.0526530222222221,0.1278688
2018-07-12 12:00:00,0.0560639527777779,0.15391727
2018-07-12 13:00:00,0.0301178777777777,0.17639875
2018-07-12 14:00:00,0.0581087750000001,0.18322323
2018-07-12 15:00:00,0.0287957111111111,0.23686545
2018-07-12 16:00:00,0.0580399305555555,0.30334514
2018-07-12 17:00:00,0.2664785750000006,0.32207197
2018-07-12 18:00:00,0.0817725222222221,0.43951446
2018-07-12 19:00:00,0.0593494722222221,0.1895701
2018-07-12 20:00:00,0.0612913444444444,0.13528067
2018-07-12 21:00:00,0.0316245194444444,0.13177022
2018-07-12 22:00:00,0.0603922666666666,0.12331802
2018-07-12 23:00:00,0.0358337055555555,0.16464207
2018-07-13 00:00:00,0.0564313777777777,0.18027954
2018-07-13 01:00:00,0.0582283083333332,0.24364501
2018-07-13 02:00:00,0.3282287499999993,0.31455833
2018-07-13 03:00:00,0.3074983611111103,0.45935485
2018-07-13 04:00:00,0.1487212305555554,0.4183838
2018-07-13 05:00:00,0.0639615638888888,0.23338832
2018-07-13 06:00:00,0.0635682277777778,0.15405677
2018-07-13 07:00:00,0.0453087333333333,0.1271453
2018-07-13 08:00:00,0.0511166138888888,0.10399632
2018-07-13 09:00:00,0.0611985972222223,0.111589536
2018-07-13 10:00:00,0.031617325,0.1233217
2018-07-13 11:00:00,0.0612169499999999,0.114057094
2018-07-13 12:00:00,0.0553882305555554,0.14146923
2018-07-13 13:00:00,0.3887062777777776,0.14947324
2018-07-13 14:00:00,0.7365496833333319,0.38217002
2018-07-13 15:00:00,0.641479555555555,0.43497863
2018-07-13 16:00:00,0.6240325194444443,0.34915662
2018-07-13 17:00:00,0.1736828499999996,0.37216198
2018-07-13 18:00:00,1.1699235777777797,0.14602263
2018-07-13 19:00:00,0.5810885805555552,0.47238004
2018-07-13 20:00:00,1.1724903388888903,0.27696416
2018-07-13 21:00:00,0.1811555611111114,0.48640305
2018-07-13 22:00:00,0.0341634416666666,0.16252536
2018-07-13 23:00:00,0.0599125972222224,0.15726632
2018-07-14 00:00:00,0.0606260944444445,0.15970878
2018-07-14 01:00:00,0.0290604166666666,0.16669412
2018-07-14 02:00:00,0.0606726527777776,0.176493
2018-07-14 03:00:00,0.0517542916666666,0.16396621
2018-07-14 04:00:00,0.0373692972222223,0.114745654
2018-07-14 05:00:00,0.0592027555555555,0.099810064
2018-07-14 06:00:00,0.0292237333333333,0.13344742
2018-07-14 07:00:00,0.538696838888889,0.13543698
2018-07-14 08:00:00,0.265596461111111,0.43558225
2018-07-14 09:00:00,0.3964619694444434,0.28755525
2018-07-14 10:00:00,0.8305499333333316,0.4099117
2018-07-14 11:00:00,0.46771464722222,0.4654722
2018-07-14 12:00:00,0.0968867666666667,0.3100503
2018-07-14 13:00:00,0.2814064250000004,0.2059462
2018-07-14 14:00:00,0.9064370166666657,0.40408197
2018-07-14 15:00:00,0.227763769444444,0.5273889
2018-07-14 16:00:00,0.1487882111111111,0.3106453
2018-07-14 17:00:00,0.4653377055555554,0.32570016
2018-07-14 18:00:00,0.2843902083333336,0.6356618
2018-07-14 19:00:00,0.2484974611111113,0.3744131
2018-07-14 20:00:00,0.2468881666666669,0.41418943
2018-07-14 21:00:00,0.090961927777778,0.3149118
2018-07-14 22:00:00,0.0292685972222222,0.14915101
2018-07-14 23:00:00,0.0636351055555555,0.0891135
2018-07-15 00:00:00,0.0596503611111112,0.10288486
2018-07-15 01:00:00,0.0315843055555554,0.10589103
2018-07-15 02:00:00,0.0614190444444443,0.09880663
2018-07-15 03:00:00,0.0353867972222221,0.13563953
2018-07-15 04:00:00,0.0540678944444445,0.1390545
2018-07-15 05:00:00,0.0583283833333333,0.16588418
2018-07-15 06:00:00,0.0315038722222222,0.1876888
2018-07-15 07:00:00,0.4670480222222218,0.20667718
2018-07-15 08:00:00,0.2259982861111118,0.46215993
2018-07-15 09:00:00,0.2851227749999999,0.30332384
2018-07-15 10:00:00,0.3478630138888887,0.38065162
2018-07-15 11:00:00,0.1574168333333332,0.39958093
2018-07-15 12:00:00,0.1379556833333334,0.25274792
2018-07-15 13:00:00,0.6316151444444451,0.25778544
2018-07-15 14:00:00,0.0943795388888888,0.49886164
2018-07-15 15:00:00,0.4013546388888889,0.25316638
2018-07-15 16:00:00,0.85992185,0.4969149
2018-07-15 17:00:00,0.2704919666666664,0.5903154
2018-07-15 18:00:00,0.2745069888888887,0.33092558
2018-07-15 19:00:00,0.0526910361111111,0.3969387
2018-07-15 20:00:00,0.0611037555555557,0.21445636
2018-07-15 21:00:00,0.054710925,0.12845506
2018-07-15 22:00:00,0.0351295277777777,0.09066209
2018-07-15 23:00:00,0.0606900555555555,0.06950491
2018-07-16 00:00:00,0.0474380916666666,0.092377566
2018-07-16 01:00:00,0.0424555388888888,0.096548736
2018-07-16 02:00:00,0.0607420472222222,0.10930662
2018-07-16 03:00:00,0.0338590305555555,0.14394793
2018-07-16 04:00:00,0.2756807833333328,0.14753199
2018-07-16 05:00:00,0.0760927722222221,0.3506658
2018-07-16 06:00:00,0.0441162888888888,0.21688934
2018-07-16 07:00:00,0.0462931472222222,0.19108532
2018-07-16 08:00:00,0.0599543027777776,0.15596613
2018-07-16 09:00:00,0.0296026944444444,0.1736094
2018-07-16 10:00:00,0.0606134166666667,0.16506682
2018-07-16 11:00:00,0.0530669861111111,0.19335984
2018-07-16 12:00:00,0.0378271055555555,0.20492664
2018-07-16 13:00:00,0.0609152222222221,0.23305717
2018-07-16 14:00:00,0.0298435222222222,0.26076758
2018-07-16 15:00:00,0.0616242499999997,0.32269838
2018-07-16 16:00:00,0.5228062583333326,0.4010745
2018-07-16 17:00:00,0.3545715277777779,0.552802
2018-07-16 18:00:00,0.0885462111111111,0.39902082
2018-07-16 19:00:00,0.0590149388888889,0.18003748
2018-07-16 20:00:00,0.0457028916666667,0.13286753
2018-07-16 21:00:00,0.060395811111111,0.096105844
2018-07-16 22:00:00,0.0352219694444445,0.10062326
2018-07-16 23:00:00,0.0540276305555557,0.09216596
2018-07-17 00:00:00,0.0603817138888888,0.1184622
2018-07-17 01:00:00,0.0290605194444444,0.14743993
2018-07-17 02:00:00,0.0607065833333332,0.15742995
2018-07-17 03:00:00,0.1918091583333333,0.20655659
2018-07-17 04:00:00,0.1117689277777777,0.3577462
2018-07-17 05:00:00,0.0877265027777777,0.20924532
2018-07-17 06:00:00,0.0305299333333333,0.15666695
2018-07-17 07:00:00,0.0571488749999998,0.10783204
2018-07-17 08:00:00,0.0561131944444444,0.123001784
2018-07-17 09:00:00,0.0314746833333333,0.13126782
2018-07-17 10:00:00,0.0599054055555555,0.12740445
2018-07-17 11:00:00,0.0299242027777778,0.16145526
2018-07-17 12:00:00,0.0591340111111112,0.16266666
2018-07-17 13:00:00,0.0545859777777777,0.2027194
2018-07-17 14:00:00,0.0359243166666667,0.22991219
2018-07-17 15:00:00,0.0606743888888889,0.26585266
2018-07-17 16:00:00,0.0767902722222221,0.35059065
2018-07-17 17:00:00,0.8186003333333343,0.30086067
2018-07-17 18:00:00,0.552341352777779,0.53410226
2018-07-17 19:00:00,0.047847811111111,0.34853566
2018-07-17 20:00:00,0.0612919277777777,0.14729592
2018-07-17 21:00:00,0.0608251388888888,0.14155616
2018-07-17 22:00:00,0.0291614,0.11316742
2018-07-17 23:00:00,0.0599635972222222,0.087214544
2018-07-18 00:00:00,0.0532355694444443,0.12186762
2018-07-18 01:00:00,0.0373355861111111,0.14009182
2018-07-18 02:00:00,0.0599742027777775,0.16274783
2018-07-18 03:00:00,0.252294919444444,0.21527281
2018-07-18 04:00:00,0.0573378416666667,0.34112486
2018-07-18 05:00:00,0.0630203055555555,0.17613748
2018-07-18 06:00:00,0.0314544166666665,0.13061614
2018-07-18 07:00:00,0.0616997583333334,0.106916964
2018-07-18 08:00:00,0.0563868277777777,0.13053839
2018-07-18 09:00:00,0.0368101944444444,0.13666578
2018-07-18 10:00:00,0.0622194000000001,0.13536622
2018-07-18 11:00:00,0.0315243,0.16729
2018-07-18 12:00:00,0.0623247638888888,0.16399328
2018-07-18 13:00:00,0.0563864222222221,0.19847642
2018-07-18 14:00:00,0.1507376972222221,0.21412094
2018-07-18 15:00:00,0.0599987388888886,0.3243783
2018-07-18 16:00:00,1.356812388888893,0.27925742
2018-07-18 17:00:00,0.6066580166666661,0.7673955
2018-07-18 18:00:00,0.258260438888889,0.43975353
2018-07-18 19:00:00,0.0836504111111112,0.28947628
2018-07-18 20:00:00,0.0501063722222221,0.18442279
2018-07-18 21:00:00,0.0645087777777778,0.12092549
2018-07-18 22:00:00,0.0297732972222221,0.10754049
2018-07-18 23:00:00,0.0635894916666665,0.07935078
2018-07-19 00:00:00,0.0490242833333333,0.11311966
2018-07-19 01:00:00,0.0429963055555556,0.12417255
2018-07-19 02:00:00,0.0608181083333333,0.14791596
2018-07-19 03:00:00,0.2434421416666665,0.19861886
2018-07-19 04:00:00,0.102442086111111,0.30276
2018-07-19 05:00:00,0.0485106555555555,0.18319249
2018-07-19 06:00:00,0.0421935416666667,0.1245078
2018-07-19 07:00:00,0.0602063638888889,0.11919945
2018-07-19 08:00:00,0.0300690305555556,0.14626035
2018-07-19 09:00:00,0.0599262805555554,0.1452768
2018-07-19 10:00:00,0.0489926638888888,0.18242483
2018-07-19 11:00:00,0.0409050777777777,0.19212426
2018-07-19 12:00:00,0.0603882166666665,0.20058024
2018-07-19 13:00:00,0.0297645833333332,0.23418577
2018-07-19 14:00:00,0.0609575916666666,0.24633056
2018-07-19 15:00:00,0.0452681305555555,0.28104073
2018-07-19 16:00:00,0.7597573361111116,0.39477184
2018-07-19 17:00:00,0.5724563722222218,0.66738033
2018-07-19 18:00:00,0.4940389305555566,0.42922857
2018-07-19 19:00:00,0.0523766888888888,0.35778078
2018-07-19 20:00:00,0.0633433055555556,0.14721516
2018-07-19 21:00:00,0.0649090083333333,0.13180952
2018-07-19 22:00:00,0.0294593194444445,0.10721754
2018-07-19 23:00:00,0.060015288888889,0.0786742
2018-07-20 00:00:00,0.0598468777777777,0.11121549
2018-07-20 01:00:00,0.0290204027777776,0.13757052
2018-07-20 02:00:00,0.3376581333333334,0.15178291
2018-07-20 03:00:00,0.2496991,0.3985844
2018-07-20 04:00:00,0.0406218111111111,0.2743178
2018-07-20 05:00:00,0.0623865277777777,0.1268811
2018-07-20 06:00:00,0.0288117472222222,0.105168805
2018-07-20 07:00:00,0.0589105333333333,0.08625157
2018-07-20 08:00:00,0.028660511111111,0.11296702
2018-07-20 09:00:00,0.0587368749999998,0.11221373
2018-07-20 10:00:00,0.0288431194444443,0.14588271
2018-07-20 11:00:00,0.058438436111111,0.14675654
2018-07-20 12:00:00,0.029858925,0.18105078
2018-07-20 13:00:00,0.0575588555555556,0.18531878
2018-07-20 14:00:00,0.0427983749999999,0.23097564
2018-07-20 15:00:00,0.0446380083333333,0.2687413
2018-07-20 16:00:00,0.4978398000000002,0.3722645
2018-07-20 17:00:00,0.2219805666666674,0.55559
2018-07-20 18:00:00,0.1229585277777775,0.33422244
2018-07-20 19:00:00,0.0727594583333333,0.18937373
2018-07-20 20:00:00,0.0319853055555555,0.12810484
2018-07-20 21:00:00,0.0591791111111112,0.08808383
2018-07-20 22:00:00,0.0584984527777778,0.11691606
2018-07-20 23:00:00,0.030176111111111,0.13934293
2018-07-21 00:00:00,0.0594494777777778,0.1525067
2018-07-21 01:00:00,0.0441893333333333,0.21210825
2018-07-21 02:00:00,0.0441927194444445,0.26653108
2018-07-21 03:00:00,0.0584214638888887,0.2269556
2018-07-21 04:00:00,0.0291084861111111,0.1804653
2018-07-21 05:00:00,0.057878813888889,0.16612469
2018-07-21 06:00:00,0.0519241694444445,0.17870604
2018-07-21 07:00:00,0.3522655638888887,0.17615911
2018-07-21 08:00:00,0.0820893138888887,0.3756627
2018-07-21 09:00:00,0.3158739888888888,0.19658042
2018-07-21 10:00:00,0.5838581861111121,0.35129854
2018-07-21 11:00:00,0.3344081222222225,0.40125144
2018-07-21 12:00:00,0.8853779305555542,0.27534366
2018-07-21 13:00:00,0.2453725166666663,0.47189888
2018-07-21 14:00:00,0.3058884583333333,0.25849327
2018-07-21 15:00:00,0.1474153305555557,0.4405125
2018-07-21 16:00:00,0.1331386805555555,0.37733
2018-07-21 17:00:00,0.4833187666666674,0.27298167
2018-07-21 18:00:00,0.2194949305555555,0.41713732
2018-07-21 19:00:00,0.1215758472222222,0.23616819
2018-07-21 20:00:00,0.066711075,0.17581765
2018-07-21 21:00:00,0.0425501916666666,0.11895841
2018-07-21 22:00:00,0.0761305027777779,0.07882041
2018-07-21 23:00:00,0.0512592722222221,0.10165146
2018-07-22 00:00:00,0.0389448694444444,0.089840755
2018-07-22 01:00:00,0.059558386111111,0.09078603
2018-07-22 02:00:00,0.0526418666666666,0.12377621
2018-07-22 03:00:00,0.0569913083333332,0.13635634
2018-07-22 04:00:00,0.0591611944444443,0.1551556
2018-07-22 05:00:00,0.0289920083333332,0.17200288
2018-07-22 06:00:00,0.058289625,0.16978952
2018-07-22 07:00:00,0.2108213666666668,0.21462415
2018-07-22 08:00:00,0.0479324611111111,0.35081682
2018-07-22 09:00:00,0.4212079500000004,0.25846812
2018-07-22 10:00:00,0.1629597944444446,0.5105086
2018-07-22 11:00:00,0.0495903000000001,0.29645777
2018-07-22 12:00:00,0.2180753777777779,0.23620571
2018-07-22 13:00:00,0.1834831111111114,0.32631433
2018-07-22 14:00:00,1.2554181138888902,0.2982
2018-07-22 15:00:00,0.4230521194444442,0.5848788
2018-07-22 16:00:00,0.2244920916666662,0.38239333
2018-07-22 17:00:00,0.0901543722222219,0.43651906
2018-07-22 18:00:00,0.1010115500000003,0.26428246
2018-07-22 19:00:00,0.0737937694444443,0.19889197
2018-07-22 20:00:00,0.0440228972222221,0.14025792
2018-07-22 21:00:00,0.0457586055555555,0.096777715
2018-07-22 22:00:00,0.0603171416666667,0.09485611
2018-07-22 23:00:00,0.0317635416666665,0.10569004
2018-07-23 00:00:00,0.0574836888888889,0.09618074
2018-07-23 01:00:00,0.0593081499999999,0.1262518
2018-07-23 02:00:00,0.0299217138888889,0.14357239
2018-07-23 03:00:00,0.0603793416666664,0.14083062
2018-07-23 04:00:00,0.2594752305555546,0.17599313
2018-07-23 05:00:00,0.0425269527777778,0.35199422
2018-07-23 06:00:00,0.06062805,0.19782342
2018-07-23 07:00:00,0.0462834694444444,0.18028222
2018-07-23 08:00:00,0.0452644833333332,0.16020194
2018-07-23 09:00:00,0.0610552194444444,0.17251107
2018-07-23 10:00:00,0.0310329666666666,0.19026925
2018-07-23 11:00:00,0.0610142944444444,0.19293514
2018-07-23 12:00:00,0.0470626611111111,0.26674494
2018-07-23 13:00:00,0.0455934916666667,0.290323
2018-07-23 14:00:00,0.4209563472222222,0.39559987
2018-07-23 15:00:00,0.5225349555555561,0.55624425
2018-07-23 16:00:00,0.8843409916666658,0.47334027
2018-07-23 17:00:00,1.0077747361111102,0.45237628
2018-07-23 18:00:00,0.2002030638888886,0.37731937
2018-07-23 19:00:00,0.0702049249999997,0.13825089
2018-07-23 20:00:00,0.0603469972222222,0.12283262
2018-07-23 21:00:00,0.0595248583333331,0.08998972
2018-07-23 22:00:00,0.0320954888888889,0.07508751
2018-07-23 23:00:00,0.0569377027777778,0.052586958
2018-07-24 00:00:00,0.0596827916666666,0.081931666
2018-07-24 01:00:00,0.0316804222222221,0.10502992
2018-07-24 02:00:00,0.0571789555555556,0.11328351
2018-07-24 03:00:00,0.0588885333333334,0.1586041
2018-07-24 04:00:00,0.2450703555555553,0.1927866
2018-07-24 05:00:00,0.0663930027777776,0.30838853
2018-07-24 06:00:00,0.0582705444444444,0.17315817
2018-07-24 07:00:00,0.0358278666666666,0.13585284
2018-07-24 08:00:00,0.0522510166666669,0.12208272
2018-07-24 09:00:00,0.0586901972222223,0.13949397
2018-07-24 10:00:00,0.0287335805555554,0.15828292
2018-07-24 11:00:00,0.0591328861111112,0.15240641
2018-07-24 12:00:00,0.0472290999999999,0.18887843
2018-07-24 13:00:00,0.0403827027777778,0.21809044
2018-07-24 14:00:00,0.0594491972222223,0.30420655
2018-07-24 15:00:00,0.0287954583333332,0.3643649
2018-07-24 16:00:00,0.4425381499999992,0.34333786
2018-07-24 17:00:00,0.2710335916666669,0.5893015
2018-07-24 18:00:00,0.2035733833333332,0.35527787
2018-07-24 19:00:00,0.2229255555555559,0.2720061
2018-07-24 20:00:00,0.1782414777777777,0.27666616
2018-07-24 21:00:00,0.0420479027777777,0.21957909
2018-07-24 22:00:00,0.0611692111111112,0.10651899
2018-07-24 23:00:00,0.0571311694444443,0.09837847
2018-07-25 00:00:00,0.0326161361111111,0.101993255
2018-07-25 01:00:00,0.0604885055555555,0.103505075
2018-07-25 02:00:00,0.3135671000000004,0.15482064
2018-07-25 03:00:00,0.2081150694444437,0.37102258
2018-07-25 04:00:00,0.2744044111111116,0.31035
2018-07-25 05:00:00,0.0560381472222222,0.31373537
2018-07-25 06:00:00,0.0449702861111111,0.14883085
2018-07-25 07:00:00,0.0612778305555555,0.09705059
2018-07-25 08:00:00,0.0396973694444444,0.098287374
2018-07-25 09:00:00,0.0493724027777776,0.0855968
2018-07-25 10:00:00,0.0608422305555555,0.10070152
2018-07-25 11:00:00,0.0286493388888889,0.12995566
2018-07-25 12:00:00,0.0603453944444444,0.13128127
2018-07-25 13:00:00,0.0561705027777779,0.17649207
2018-07-25 14:00:00,0.03301995,0.20580757
2018-07-25 15:00:00,0.0604895222222221,0.22795242
2018-07-25 16:00:00,0.7638526166666669,0.32054567
2018-07-25 17:00:00,0.6115868916666652,0.5934819
2018-07-25 18:00:00,0.0947765499999999,0.41614163
2018-07-25 19:00:00,0.0533106111111112,0.19816738
2018-07-25 20:00:00,0.0412225444444445,0.14831126
2018-07-25 21:00:00,0.061560925,0.09325
2018-07-25 22:00:00,0.0504505888888889,0.11016938
2018-07-25 23:00:00,0.0393898277777778,0.11643353
2018-07-26 00:00:00,0.0610409055555554,0.13577999
2018-07-26 01:00:00,0.0430294611111111,0.20160581
2018-07-26 02:00:00,0.1554226361111109,0.25276238
2018-07-26 03:00:00,0.2815889749999998,0.31167328
2018-07-26 04:00:00,0.089700325,0.41261032
2018-07-26 05:00:00,0.0484443305555555,0.18958111
2018-07-26 06:00:00,0.0609398333333335,0.11996973
2018-07-26 07:00:00,0.0456983555555554,0.11592412
2018-07-26 08:00:00,0.0449332583333333,0.10811782
2018-07-26 09:00:00,0.0620181916666664,0.117231265
2018-07-26 10:00:00,0.032252025,0.1491598
2018-07-26 11:00:00,0.0583586250000001,0.14713459
2018-07-26 12:00:00,0.0612055138888889,0.18110366
2018-07-26 13:00:00,0.0299880416666666,0.20487435
2018-07-26 14:00:00,0.0611666194444443,0.20878567
2018-07-26 15:00:00,0.0613961777777778,0.273638
2018-07-26 16:00:00,0.0368212027777778,0.35268775
2018-07-26 17:00:00,0.3539594666666665,0.27985236
2018-07-26 18:00:00,0.5100309611111107,0.3916716
2018-07-26 19:00:00,0.1193729500000001,0.3858503
2018-07-26 20:00:00,0.0488301083333333,0.17691033
2018-07-26 21:00:00,0.0431937249999999,0.119413584
2018-07-26 22:00:00,0.061897163888889,0.09230342
2018-07-26 23:00:00,0.0614327277777776,0.115033545
