Time,Consumption,Pred,Price
2018-07-01 00:00:00,0.0699357606426753,0.12724443,0.04
2018-07-01 01:00:00,0.099466091582101,0.094112284,0.02
2018-07-01 02:00:00,0.0596513887449789,0.116875574,0.02
2018-07-01 03:00:00,0.0824074570066129,0.08780196,0.02
2018-07-01 04:00:00,0.1023771672337857,0.11051771,0.04
2018-07-01 05:00:00,0.063932453649955,0.14201857,0.05
2018-07-01 06:00:00,0.1065611953015969,0.1246395,0.04
2018-07-01 07:00:00,0.2595881418321992,0.19054279,0.05
2018-07-01 08:00:00,0.2648668066693274,0.29221588,0.04
2018-07-01 09:00:00,0.237599503330425,0.2932045,0.05
2018-07-01 10:00:00,0.1267287825178098,0.28607202,0.05
2018-07-01 11:00:00,0.0978192302851513,0.22933093,0.05
2018-07-01 12:00:00,0.3706925456214144,0.19903159,0.05
2018-07-01 13:00:00,0.0707102476023393,0.37498084,0.04
2018-07-01 14:00:00,0.0626275127883251,0.21875978,0.05
2018-07-01 15:00:00,0.1039003048818246,0.17241344,0.05
2018-07-01 16:00:00,0.0752516844406179,0.20293532,0.06
2018-07-01 17:00:00,0.0703547412749408,0.1821755,0.06
2018-07-01 18:00:00,0.0849991451058495,0.23177071,0.06
2018-07-01 19:00:00,0.1351426805521861,0.2894796,0.06
2018-07-01 20:00:00,0.0660174453212176,0.31743306,0.07
2018-07-01 21:00:00,0.0560145953115414,0.1824776,0.06
2018-07-01 22:00:00,0.0397999792459514,0.14657071,0.06
2018-07-01 23:00:00,0.0434682604230556,0.12545241,0.05
2018-07-02 00:00:00,0.0792952624747575,0.13056917,0.05
2018-07-02 01:00:00,0.0198394492206569,0.17639904,0.05
2018-07-02 02:00:00,0.0419766613266452,0.1357002,0.05
2018-07-02 03:00:00,0.2966671211081284,0.15961325,0.05
2018-07-02 04:00:00,0.0531782817376863,0.36149338,0.06
2018-07-02 05:00:00,0.0560706821599547,0.19116123,0.07
2018-07-02 06:00:00,0.067369696656108,0.19464459,0.06
2018-07-02 07:00:00,0.0384326957978047,0.24271601,0.07
2018-07-02 08:00:00,0.067021254222011,0.21165249,0.07
2018-07-02 09:00:00,0.0329286619443431,0.21798234,0.08
2018-07-02 10:00:00,0.0532514631120548,0.17408203,0.07
2018-07-02 11:00:00,0.0758658185423934,0.19465049,0.07
2018-07-02 12:00:00,0.0229613440327644,0.24453391,0.07
2018-07-02 13:00:00,0.0707151481266409,0.14240536,0.07
2018-07-02 14:00:00,0.0352739129810876,0.18397002,0.07
2018-07-02 15:00:00,0.0620751866954679,0.17157267,0.07
2018-07-02 16:00:00,0.4507327705656923,0.1800118,0.07
2018-07-02 17:00:00,0.365963033084537,0.40722352,0.07
2018-07-02 18:00:00,0.5426924086789399,0.35855454,0.07
2018-07-02 19:00:00,0.7194164615821431,0.39503098,0.06
2018-07-02 20:00:00,0.0363920931071934,0.35345522,0.06
2018-07-02 21:00:00,0.0728843596128596,0.103011645,0.06
2018-07-02 22:00:00,0.0591432637001575,0.13461925,0.05
2018-07-02 23:00:00,0.0431764526772431,0.1056058,0.05
2018-07-03 00:00:00,0.0522467469467647,0.0832987,0.05
2018-07-03 01:00:00,0.0271323069662358,0.086550586,0.05
2018-07-03 02:00:00,0.3764011322834297,0.1007971,0.05
2018-07-03 03:00:00,0.2230267109961703,0.3635269,0.05
2018-07-03 04:00:00,0.0419126296902827,0.23326279,0.06
2018-07-03 05:00:00,0.0502120299999811,0.099836476,0.07
2018-07-03 06:00:00,0.0400256788849191,0.09319586,0.07
2018-07-03 07:00:00,0.0279802476522746,0.09020512,0.07
2018-07-03 08:00:00,0.0519966716754497,0.093755245,0.07
2018-07-03 09:00:00,0.0422413259081011,0.11878134,0.07
2018-07-03 10:00:00,0.0513353189478982,0.12686627,0.07
2018-07-03 11:00:00,0.0713281096138025,0.14041744,0.07
2018-07-03 12:00:00,0.0328608309187265,0.16321051,0.07
2018-07-03 13:00:00,0.0315980678063477,0.14832428,0.08
2018-07-03 14:00:00,0.0186381751905037,0.15992518,0.08
2018-07-03 15:00:00,0.0491467372595754,0.198434,0.1
2018-07-03 16:00:00,0.240671866827968,0.29775462,0.1
2018-07-03 17:00:00,0.2577129451099748,0.44785407,0.08
2018-07-03 18:00:00,0.096376695308902,0.4231134,0.07
2018-07-03 19:00:00,0.074198847454058,0.2207899,0.07
2018-07-03 20:00:00,0.0529444395133957,0.12201805,0.07
2018-07-03 21:00:00,0.0496672876343062,0.10835807,0.07
2018-07-03 22:00:00,0.0444023363606655,0.10990493,0.06
2018-07-03 23:00:00,0.0386214609752621,0.12140991,0.06
2018-07-04 00:00:00,0.0596268747791999,0.14440309,0.06
2018-07-04 01:00:00,0.0555510423226627,0.19635274,0.05
2018-07-04 02:00:00,0.3353931491789873,0.25618923,0.06
2018-07-04 03:00:00,0.2671004617611168,0.3927638,0.06
2018-07-04 04:00:00,0.055486940673271,0.29218897,0.06
2018-07-04 05:00:00,0.0337195639294257,0.123539604,0.07
2018-07-04 06:00:00,0.062010753088168,0.08574701,0.07
2018-07-04 07:00:00,0.0461887020970444,0.114456125,0.08
2018-07-04 08:00:00,0.0332547451428331,0.111445345,0.08
2018-07-04 09:00:00,0.060029385754898,0.106783435,0.08
2018-07-04 10:00:00,0.0443988403223614,0.13927901,0.08
2018-07-04 11:00:00,0.0459284191272044,0.13674688,0.08
2018-07-04 12:00:00,0.0675180051103257,0.13672894,0.08
2018-07-04 13:00:00,0.0291628930800132,0.16927797,0.08
2018-07-04 14:00:00,0.0633177957417277,0.16049859,0.08
2018-07-04 15:00:00,0.0475213725727928,0.2184691,0.1
2018-07-04 16:00:00,0.9313864196448896,0.25588024,0.07
2018-07-04 17:00:00,0.9648813614018036,0.5886558,0.07
2018-07-04 18:00:00,0.1133330043046157,0.4072287,0.07
2018-07-04 19:00:00,0.0852491631838738,0.09645121,0.07
2018-07-04 20:00:00,0.1260536581437584,0.13818885,0.07
2018-07-04 21:00:00,0.0590195214112953,0.15496145,0.07
2018-07-04 22:00:00,0.0876968831722228,0.092625715,0.06
2018-07-04 23:00:00,0.0805802822121595,0.11737027,0.06
2018-07-05 00:00:00,0.0404288919027559,0.12800297,0.05
2018-07-05 01:00:00,0.0895134366566187,0.12230173,0.05
2018-07-05 02:00:00,0.3213951413172121,0.22002293,0.05
2018-07-05 03:00:00,0.1320635357596815,0.34155774,0.05
2018-07-05 04:00:00,0.1566283446261019,0.160033,0.06
2018-07-05 05:00:00,0.0523112672077345,0.17829005,0.07
2018-07-05 06:00:00,0.0302825708298427,0.09713931,0.07
2018-07-05 07:00:00,0.0795392151259748,0.06973991,0.07
2018-07-05 08:00:00,0.0406892863676113,0.122763775,0.07
2018-07-05 09:00:00,0.0508486537102593,0.10831203,0.07
2018-07-05 10:00:00,0.046524336430225,0.11590399,0.07
2018-07-05 11:00:00,0.0249548088543121,0.1269835,0.07
2018-07-05 12:00:00,0.0731611264789348,0.1272294,0.07
2018-07-05 13:00:00,0.0545134948164083,0.17743953,0.07
2018-07-05 14:00:00,0.0421865788839756,0.18552361,0.07
2018-07-05 15:00:00,0.0490494735896702,0.20797466,0.08
2018-07-05 16:00:00,0.3294088386092597,0.30130973,0.08
2018-07-05 17:00:00,0.5709219050234373,0.45137298,0.08
2018-07-05 18:00:00,0.1103888769487984,0.41885832,0.08
2018-07-05 19:00:00,0.0555661013132787,0.17391837,0.06
2018-07-05 20:00:00,0.0404056571555276,0.13883533,0.07
2018-07-05 21:00:00,0.0547218562199629,0.09728884,0.07
2018-07-05 22:00:00,0.0232574644557325,0.11965693,0.06
2018-07-05 23:00:00,0.0461550992963509,0.11144009,0.05
2018-07-06 00:00:00,0.0607110335797514,0.14606164,0.05
2018-07-06 01:00:00,0.0290060041629972,0.20312761,0.05
2018-07-06 02:00:00,0.0626432469476738,0.22135551,0.05
2018-07-06 03:00:00,0.2832896716267497,0.194537,0.05
2018-07-06 04:00:00,0.0525204973832208,0.35491732,0.06
2018-07-06 05:00:00,0.0443646327881567,0.14911032,0.07
2018-07-06 06:00:00,0.0550149578873588,0.11143326,0.07
2018-07-06 07:00:00,0.0496371929833218,0.1289411,0.07
2018-07-06 08:00:00,0.0333316382610507,0.119734034,0.07
2018-07-06 09:00:00,0.0617232224936915,0.115770526,0.07
2018-07-06 10:00:00,0.066800077526408,0.14540395,0.07
2018-07-06 11:00:00,0.0266671576567376,0.1572972,0.06
2018-07-06 12:00:00,0.058163023536515,0.13822426,0.07
2018-07-06 13:00:00,0.0611993544406992,0.16868085,0.06
2018-07-06 14:00:00,0.0342324846012289,0.19012159,0.06
2018-07-06 15:00:00,0.5761339827102,0.19985165,0.07
2018-07-06 16:00:00,0.7875113620535776,0.54835695,0.08
2018-07-06 17:00:00,0.3686424759933774,0.48969,0.08
2018-07-06 18:00:00,0.0455318238235502,0.25575942,0.06
2018-07-06 19:00:00,0.0622469875683175,0.095731705,0.06
2018-07-06 20:00:00,0.025878959808876,0.102479726,0.08
2018-07-06 21:00:00,0.0506637343707595,0.07240912,0.07
2018-07-06 22:00:00,0.0561635078787195,0.08353336,0.06
2018-07-06 23:00:00,0.026537318727038,0.101505294,0.06
2018-07-07 00:00:00,0.066466427941232,0.09607124,0.05
2018-07-07 01:00:00,0.0355598013496121,0.14163543,0.05
2018-07-07 02:00:00,0.0449631896505499,0.15100941,0.06
2018-07-07 03:00:00,0.0536235141792712,0.18556695,0.05
2018-07-07 04:00:00,0.0344252528246811,0.14483611,0.05
2018-07-07 05:00:00,0.0738371497606161,0.13706747,0.05
2018-07-07 06:00:00,0.0711842046030962,0.17445138,0.05
2018-07-07 07:00:00,0.2206755322354163,0.17207551,0.06
2018-07-07 08:00:00,0.2950190288999484,0.3052299,0.07
2018-07-07 09:00:00,0.1575577466919635,0.3240197,0.06
2018-07-07 10:00:00,0.6388701993261837,0.19554861,0.06
2018-07-07 11:00:00,0.7546762386555879,0.37788108,0.06
2018-07-07 12:00:00,0.7825678297262663,0.35279968,0.06
2018-07-07 13:00:00,0.1332397567729316,0.33647588,0.06
2018-07-07 14:00:00,0.2020750043248134,0.18370715,0.06
2018-07-07 15:00:00,1.1372645353092623,0.3847598,0.06
2018-07-07 16:00:00,0.5485193296015735,0.5963933,0.07
2018-07-07 17:00:00,0.1631376515942386,0.36547458,0.08
2018-07-07 18:00:00,0.4003505401905988,0.17163976,0.07
2018-07-07 19:00:00,0.284389843637189,0.33710063,0.06
2018-07-07 20:00:00,0.0338861086042556,0.26622462,0.07
2018-07-07 21:00:00,0.055347778191344,0.11816569,0.07
2018-07-07 22:00:00,0.0553165895607444,0.104267165,0.06
2018-07-07 23:00:00,0.0459788590114155,0.094047815,0.05
2018-07-08 00:00:00,0.0804016737489189,0.08301458,0.05
2018-07-08 01:00:00,0.0427489949275827,0.11235357,0.05
2018-07-08 02:00:00,0.039823423291312,0.09799523,0.05
2018-07-08 03:00:00,0.0937632036875608,0.105069876,0.05
2018-07-08 04:00:00,0.034783248706951,0.16978836,0.04
2018-07-08 05:00:00,0.0606213776004608,0.14464766,0.04
2018-07-08 06:00:00,0.0225270832788494,0.1715034,0.04
2018-07-08 07:00:00,0.344967703467217,0.17706674,0.05
2018-07-08 08:00:00,0.3258827606460735,0.39956835,0.05
2018-07-08 09:00:00,0.2585167116146578,0.37303188,0.05
2018-07-08 10:00:00,0.1175060307554703,0.34672296,0.05
2018-07-08 11:00:00,0.0810218406210481,0.20991205,0.05
2018-07-08 12:00:00,0.1011804610484914,0.1648945,0.05
2018-07-08 13:00:00,0.2223465725843701,0.19191363,0.04
2018-07-08 14:00:00,0.0620214411166461,0.35633588,0.04
2018-07-08 15:00:00,0.0632249720641394,0.3052515,0.05
2018-07-08 16:00:00,0.0394373630669615,0.23366436,0.05
2018-07-08 17:00:00,0.0964152809340656,0.17706825,0.06
2018-07-08 18:00:00,0.1317406138612841,0.25041375,0.06
2018-07-08 19:00:00,0.0433996844063026,0.23183152,0.06
2018-07-08 20:00:00,0.0927816794346977,0.10204417,0.08
2018-07-08 21:00:00,0.0652840329201954,0.14511888,0.08
2018-07-08 22:00:00,0.0577375595192553,0.12768516,0.08
2018-07-08 23:00:00,0.0750267171525774,0.12092835,0.06
2018-07-09 00:00:00,0.0351797415878035,0.14718956,0.06
2018-07-09 01:00:00,0.0519948962610949,0.12038234,0.05
2018-07-09 02:00:00,0.0882990679918003,0.13993043,0.05
2018-07-09 03:00:00,0.0820493456955215,0.18918473,0.05
2018-07-09 04:00:00,0.2820519729706915,0.1801488,0.06
2018-07-09 05:00:00,0.064450873816053,0.34839085,0.06
2018-07-09 06:00:00,0.0505311973349052,0.20807742,0.06
2018-07-09 07:00:00,0.0775124683425129,0.24185549,0.07
2018-07-09 08:00:00,0.0297848579710439,0.24929413,0.07
2018-07-09 09:00:00,0.0624455141995019,0.18625176,0.07
2018-07-09 10:00:00,0.0335832429379017,0.17298612,0.07
2018-07-09 11:00:00,0.0321371277504238,0.1584912,0.07
2018-07-09 12:00:00,0.0465637813725249,0.17404842,0.07
2018-07-09 13:00:00,0.0304658681747049,0.20476064,0.06
2018-07-09 14:00:00,0.0682102948659825,0.1491175,0.06
2018-07-09 15:00:00,0.0314563320866388,0.18433936,0.06
2018-07-09 16:00:00,0.0567840756800233,0.16405454,0.06
2018-07-09 17:00:00,1.0588007305473113,0.19604671,0.07
2018-07-09 18:00:00,0.7006378767540058,0.57634616,0.06
2018-07-09 19:00:00,0.0757825651783356,0.3702653,0.06
2018-07-09 20:00:00,0.0761693563429576,0.11921588,0.06
2018-07-09 21:00:00,0.050062937966146,0.144068,0.06
2018-07-09 22:00:00,0.0423911335158503,0.10183427,0.05
2018-07-09 23:00:00,0.0422019549158346,0.08447787,0.05
2018-07-10 00:00:00,0.0429341847308738,0.08464875,0.05
2018-07-10 01:00:00,0.0550877970788104,0.10602099,0.05
2018-07-10 02:00:00,0.0538968450799352,0.1435399,0.05
2018-07-10 03:00:00,0.2266925462033972,0.1616217,0.05
2018-07-10 04:00:00,0.0620060006341807,0.34420228,0.06
2018-07-10 05:00:00,0.0768050154967594,0.14688918,0.07
2018-07-10 06:00:00,0.0223458756139371,0.13549799,0.07
2018-07-10 07:00:00,0.0211550135137264,0.10012928,0.07
2018-07-10 08:00:00,0.0542599372918535,0.09682116,0.07
2018-07-10 09:00:00,0.02891077144336,0.1361109,0.07
2018-07-10 10:00:00,0.0583153748020827,0.1263677,0.07
2018-07-10 11:00:00,0.0306940879618906,0.15237336,0.07
2018-07-10 12:00:00,0.052631798075628,0.14356677,0.07
2018-07-10 13:00:00,0.0496382522777651,0.16366942,0.07
2018-07-10 14:00:00,0.0326349148543691,0.1754872,0.06
2018-07-10 15:00:00,0.0897259338254288,0.18095288,0.07
2018-07-10 16:00:00,0.024508576290129,0.2825252,0.07
2018-07-10 17:00:00,1.0407997975124568,0.32757026,0.07
2018-07-10 18:00:00,0.1239585001730627,0.6372957,0.07
2018-07-10 19:00:00,0.0557000249017686,0.20162092,0.06
2018-07-10 20:00:00,0.0921596179739639,0.16479345,0.07
2018-07-10 21:00:00,0.0623856557318203,0.15975972,0.06
2018-07-10 22:00:00,0.0333371821282796,0.11530569,0.06
2018-07-10 23:00:00,0.0724867635533086,0.08213499,0.06
2018-07-11 00:00:00,0.0415775709590377,0.12571089,0.05
2018-07-11 01:00:00,0.0587720002165294,0.121294215,0.05
2018-07-11 02:00:00,0.0564353568811483,0.15068975,0.05
2018-07-11 03:00:00,0.2052232263566751,0.18460555,0.05
2018-07-11 04:00:00,0.0655924072074893,0.27114767,0.06
2018-07-11 05:00:00,0.0648592380911808,0.14332259,0.07
2018-07-11 06:00:00,0.0213965919666366,0.115578175,0.07
2018-07-11 07:00:00,0.0587768756033253,0.091385685,0.07
2018-07-11 08:00:00,0.0330746201952082,0.12810402,0.07
2018-07-11 09:00:00,0.0544131560073734,0.11965684,0.07
2018-07-11 10:00:00,0.0487607737408259,0.14019638,0.07
2018-07-11 11:00:00,0.0356720886092275,0.14062825,0.06
2018-07-11 12:00:00,0.0571982611840347,0.13872015,0.06
2018-07-11 13:00:00,0.0287336430308767,0.16312999,0.06
2018-07-11 14:00:00,0.0495823891397861,0.15474546,0.06
2018-07-11 15:00:00,0.028309276123744,0.18799159,0.07
2018-07-11 16:00:00,0.3128990104692127,0.1962512,0.07
2018-07-11 17:00:00,0.8692658868402432,0.46327832,0.07
2018-07-11 18:00:00,0.8005200441462942,0.49277762,0.07
2018-07-11 19:00:00,0.07864488342033,0.355301,0.07
2018-07-11 20:00:00,0.0410370260285281,0.10235151,0.07
2018-07-11 21:00:00,0.0543101376428366,0.09828264,0.06
2018-07-11 22:00:00,0.0396291834935494,0.08944961,0.06
2018-07-11 23:00:00,0.0909165564603898,0.07950376,0.06
2018-07-12 00:00:00,0.0397542886940734,0.1228894,0.06
2018-07-12 01:00:00,0.0526451798422905,0.10119678,0.06
2018-07-12 02:00:00,0.42485964504966,0.12168899,0.05
2018-07-12 03:00:00,0.1661723894753048,0.37678188,0.05
2018-07-12 04:00:00,0.2897909524651183,0.19288988,0.06
2018-07-12 05:00:00,0.0413648723065323,0.3000573,0.07
2018-07-12 06:00:00,0.0573367338078074,0.12720016,0.07
2018-07-12 07:00:00,0.0559194069611159,0.110617585,0.07
2018-07-12 08:00:00,0.0304811260644205,0.10076601,0.07
2018-07-12 09:00:00,0.0578030045810625,0.085691296,0.07
2018-07-12 10:00:00,0.032536648382307,0.11103221,0.07
2018-07-12 11:00:00,0.0568698076193155,0.10703958,0.06
2018-07-12 12:00:00,0.0243913118828672,0.1340983,0.06
2018-07-12 13:00:00,0.0372074500619972,0.12740716,0.06
2018-07-12 14:00:00,0.0529761306039788,0.15455699,0.06
2018-07-12 15:00:00,0.0256597368814397,0.20238483,0.07
2018-07-12 16:00:00,0.041307064913201,0.26200914,0.07
2018-07-12 17:00:00,0.2918036177083847,0.29813132,0.07
2018-07-12 18:00:00,0.0862806480356467,0.4231898,0.07
2018-07-12 19:00:00,0.0530196593580275,0.18538323,0.07
2018-07-12 20:00:00,0.0544146917747504,0.122195885,0.06
2018-07-12 21:00:00,0.0353253613401006,0.1267946,0.06
2018-07-12 22:00:00,0.048107404795904,0.121880464,0.06
2018-07-12 23:00:00,0.0191111697481745,0.15062875,0.05
2018-07-13 00:00:00,0.0289098298388617,0.15050875,0.05
2018-07-13 01:00:00,0.0599108686251434,0.19708925,0.05
2018-07-13 02:00:00,0.3292831828567221,0.29186118,0.05
2018-07-13 03:00:00,0.2550012154695409,0.42136857,0.05
2018-07-13 04:00:00,0.1890536018125517,0.35584384,0.06
2018-07-13 05:00:00,0.0450857375170327,0.22075845,0.07
2018-07-13 06:00:00,0.0716516613640937,0.103189915,0.07
2018-07-13 07:00:00,0.0505673116673542,0.11479758,0.07
2018-07-13 08:00:00,0.0657507272070074,0.098467566,0.07
2018-07-13 09:00:00,0.0593893600590896,0.114992335,0.07
2018-07-13 10:00:00,0.0165857547121624,0.11382373,0.06
2018-07-13 11:00:00,0.0660512820777512,0.09547933,0.07
2018-07-13 12:00:00,0.0651889149865443,0.14110737,0.06
2018-07-13 13:00:00,0.3100647895856934,0.15336025,0.06
2018-07-13 14:00:00,0.7504438626609516,0.3350527,0.06
2018-07-13 15:00:00,0.7039572868653563,0.4303096,0.07
2018-07-13 16:00:00,0.6668451201963206,0.3654178,0.07
2018-07-13 17:00:00,0.2163370740641412,0.3673567,0.07
2018-07-13 18:00:00,1.1912212635559585,0.16609842,0.07
2018-07-13 19:00:00,0.7164881607395781,0.41979077,0.07
2018-07-13 20:00:00,0.984438286292618,0.30980858,0.07
2018-07-13 21:00:00,0.2168789145360324,0.35737735,0.06
2018-07-13 22:00:00,0.0328556869620211,0.18335365,0.06
2018-07-13 23:00:00,0.0635874294847692,0.117308214,0.06
2018-07-14 00:00:00,0.0535147076098324,0.120484866,0.06
2018-07-14 01:00:00,0.0258075620919043,0.13972613,0.06
2018-07-14 02:00:00,0.05959660687289,0.16964574,0.05
2018-07-14 03:00:00,0.0492417446877099,0.15733601,0.05
2018-07-14 04:00:00,0.0415433928481856,0.12526375,0.05
2018-07-14 05:00:00,0.0667441018002648,0.09301083,0.06
2018-07-14 06:00:00,0.0393635037609006,0.12741542,0.06
2018-07-14 07:00:00,0.6852306503785766,0.1214829,0.06
2018-07-14 08:00:00,0.3789983408573875,0.4369392,0.06
2018-07-14 09:00:00,0.352503602787051,0.3325844,0.06
2018-07-14 10:00:00,0.7079175675553033,0.32988054,0.06
2018-07-14 11:00:00,0.5332090503441792,0.4120927,0.05
2018-07-14 12:00:00,0.0908093056449229,0.34490922,0.05
2018-07-14 13:00:00,0.1920159393051337,0.19788848,0.05
2018-07-14 14:00:00,0.7687757983245206,0.30308935,0.06
2018-07-14 15:00:00,0.1998103330651245,0.46654272,0.06
2018-07-14 16:00:00,0.1846408253144894,0.27773055,0.07
2018-07-14 17:00:00,0.3670089479173495,0.32731372,0.07
2018-07-14 18:00:00,0.3611698923732823,0.51174515,0.07
2018-07-14 19:00:00,0.290207996620696,0.457628,0.07
2018-07-14 20:00:00,0.2976410224541456,0.39605948,0.07
2018-07-14 21:00:00,0.0974873956618566,0.33406788,0.07
2018-07-14 22:00:00,0.029955625769884,0.14476734,0.06
2018-07-14 23:00:00,0.0535707374663316,0.083092645,0.06
2018-07-15 00:00:00,0.0501266203861845,0.08971179,0.06
2018-07-15 01:00:00,0.0253538691874382,0.09078677,0.05
2018-07-15 02:00:00,0.0728045255565248,0.08703968,0.05
2018-07-15 03:00:00,0.0414545961062753,0.13512793,0.05
2018-07-15 04:00:00,0.0389603687253132,0.13003363,0.05
2018-07-15 05:00:00,0.0830222120874135,0.14437042,0.05
2018-07-15 06:00:00,0.046027853570004,0.2138208,0.05
2018-07-15 07:00:00,0.4215778583619382,0.24574992,0.05
2018-07-15 08:00:00,0.2039146706058575,0.45663625,0.05
2018-07-15 09:00:00,0.268874623848807,0.33119217,0.05
2018-07-15 10:00:00,0.5129324604086075,0.3822698,0.06
2018-07-15 11:00:00,0.1203270032241281,0.41493663,0.05
2018-07-15 12:00:00,0.120070172226044,0.20171498,0.05
2018-07-15 13:00:00,0.47558443125405,0.23793636,0.05
2018-07-15 14:00:00,0.1239130617753083,0.44383678,0.05
2018-07-15 15:00:00,0.346955767356147,0.24473287,0.05
2018-07-15 16:00:00,0.8860881766362578,0.42656994,0.06
2018-07-15 17:00:00,0.1670496962904678,0.54472595,0.06
2018-07-15 18:00:00,0.2943754746196705,0.29654783,0.07
2018-07-15 19:00:00,0.0563196021924532,0.4074101,0.07
2018-07-15 20:00:00,0.0515754261242218,0.20776069,0.07
2018-07-15 21:00:00,0.0396815858885294,0.109469466,0.07
2018-07-15 22:00:00,0.0350334517579563,0.07682005,0.06
2018-07-15 23:00:00,0.0731148411371645,0.07204047,0.05
2018-07-16 00:00:00,0.051977091037249,0.10752675,0.05
2018-07-16 01:00:00,0.0555098075208693,0.10047202,0.05
2018-07-16 02:00:00,0.0816769501561814,0.11362995,0.05
2018-07-16 03:00:00,0.036308254238226,0.14684503,0.06
2018-07-16 04:00:00,0.3020025308075869,0.12959999,0.06
2018-07-16 05:00:00,0.1015054598602526,0.34029254,0.07
2018-07-16 06:00:00,0.0467265962689062,0.21249399,0.07
2018-07-16 07:00:00,0.0549849681966727,0.18723929,0.07
2018-07-16 08:00:00,0.05442482650418,0.17514442,0.07
2018-07-16 09:00:00,0.0359683375624706,0.18173881,0.07
2018-07-16 10:00:00,0.0401079352879878,0.17063384,0.07
2018-07-16 11:00:00,0.031356779580472,0.1634134,0.07
2018-07-16 12:00:00,0.0488283027766413,0.18636349,0.07
2018-07-16 13:00:00,0.0606182059890796,0.24671616,0.07
2018-07-16 14:00:00,0.0243222092338545,0.24504586,0.07
2018-07-16 15:00:00,0.0370645093782461,0.2739609,0.07
2018-07-16 16:00:00,0.5335675162599,0.30406445,0.07
2018-07-16 17:00:00,0.2017293384524375,0.4966105,0.07
2018-07-16 18:00:00,0.1096725996934563,0.31459212,0.07
2018-07-16 19:00:00,0.0650924582512892,0.16783676,0.07
2018-07-16 20:00:00,0.0358408437942715,0.11833551,0.07
2018-07-16 21:00:00,0.0713747044012793,0.08890906,0.06
2018-07-16 22:00:00,0.0348623973525068,0.12765229,0.06
2018-07-16 23:00:00,0.0635663592835738,0.11666388,0.05
2018-07-17 00:00:00,0.0529224333231652,0.1413269,0.05
2018-07-17 01:00:00,0.028726592621871,0.14786208,0.05
2018-07-17 02:00:00,0.0727695425304715,0.14966196,0.05
2018-07-17 03:00:00,0.1323319589067587,0.20306993,0.05
2018-07-17 04:00:00,0.1101631788339296,0.2997143,0.06
2018-07-17 05:00:00,0.1081161816736985,0.19978046,0.07
2018-07-17 06:00:00,0.0234276632588897,0.17395478,0.07
2018-07-17 07:00:00,0.0786077694505978,0.10370572,0.07
2018-07-17 08:00:00,0.0832936898448252,0.1477269,0.07
2018-07-17 09:00:00,0.0275884437577743,0.15423153,0.07
2018-07-17 10:00:00,0.0468802930915599,0.10974277,0.06
2018-07-17 11:00:00,0.0181798532002679,0.12899679,0.06
2018-07-17 12:00:00,0.0614384105134309,0.13097958,0.06
2018-07-17 13:00:00,0.0396444933319384,0.17723697,0.06
2018-07-17 14:00:00,0.0394553731617967,0.18060732,0.06
2018-07-17 15:00:00,0.0640862585726809,0.21396427,0.06
2018-07-17 16:00:00,0.0635890285497154,0.30763057,0.07
2018-07-17 17:00:00,0.877308475056639,0.23226985,0.07
2018-07-17 18:00:00,0.6666483489471668,0.5252455,0.07
2018-07-17 19:00:00,0.052192015064434,0.3706639,0.07
2018-07-17 20:00:00,0.042861130398055,0.09855538,0.06
2018-07-17 21:00:00,0.0639348846341972,0.1160006,0.06
2018-07-17 22:00:00,0.0328785738932314,0.11098599,0.06
2018-07-17 23:00:00,0.0468717069497489,0.08441063,0.05
2018-07-18 00:00:00,0.0525418800879881,0.09360682,0.05
2018-07-18 01:00:00,0.0375848396346512,0.11334514,0.05
2018-07-18 02:00:00,0.0658237501524842,0.12878108,0.05
2018-07-18 03:00:00,0.2380116907460613,0.17372131,0.05
2018-07-18 04:00:00,0.063449912038232,0.31607753,0.06
2018-07-18 05:00:00,0.0535610706455811,0.15886973,0.06
2018-07-18 06:00:00,0.0376380127557582,0.11175415,0.07
2018-07-18 07:00:00,0.0593850495877636,0.11249914,0.07
2018-07-18 08:00:00,0.064992185249664,0.13077807,0.06
2018-07-18 09:00:00,0.0374600705123389,0.13401389,0.07
2018-07-18 10:00:00,0.0390458996881854,0.11975664,0.06
2018-07-18 11:00:00,0.0441443871142603,0.12568694,0.07
2018-07-18 12:00:00,0.0555827864815444,0.14412847,0.07
2018-07-18 13:00:00,0.0639078428784112,0.16171183,0.07
2018-07-18 14:00:00,0.1838648588241217,0.181064,0.07
2018-07-18 15:00:00,0.0631069262809399,0.31365436,0.07
2018-07-18 16:00:00,1.7652446881141983,0.23280418,0.08
2018-07-18 17:00:00,0.7436090494058989,0.7999844,0.07
2018-07-18 18:00:00,0.1351686175969004,0.41735747,0.07
2018-07-18 19:00:00,0.0855651551684155,0.14584811,0.07
2018-07-18 20:00:00,0.0342603374015868,0.139431,0.06
2018-07-18 21:00:00,0.0747782636681858,0.08244407,0.06
2018-07-18 22:00:00,0.024445575798146,0.09948905,0.06
2018-07-18 23:00:00,0.0583454833628669,0.06857976,0.05
2018-07-19 00:00:00,0.0501901855388409,0.096113116,0.05
2018-07-19 01:00:00,0.0480236618560999,0.10976513,0.05
2018-07-19 02:00:00,0.0765821125458197,0.13258025,0.05
2018-07-19 03:00:00,0.2323518406553561,0.1905112,0.05
2018-07-19 04:00:00,0.0808649917895774,0.2832276,0.06
2018-07-19 05:00:00,0.0462710984883883,0.14979719,0.07
2018-07-19 06:00:00,0.0432482800181122,0.10003393,0.07
2018-07-19 07:00:00,0.0716361308548693,0.106874876,0.07
2018-07-19 08:00:00,0.0230118851481368,0.14104858,0.06
2018-07-19 09:00:00,0.0771703048164932,0.11728036,0.06
2018-07-19 10:00:00,0.0495324232423044,0.16894384,0.06
2018-07-19 11:00:00,0.0379670255171761,0.1574323,0.06
2018-07-19 12:00:00,0.0459226625432254,0.15336482,0.06
2018-07-19 13:00:00,0.0276656178499892,0.17726934,0.06
2018-07-19 14:00:00,0.0685506239544197,0.2036633,0.06
2018-07-19 15:00:00,0.0400407681268785,0.27710918,0.07
2018-07-19 16:00:00,0.8648601589263056,0.37454304,0.07
2018-07-19 17:00:00,0.6051838985459751,0.625059,0.07
2018-07-19 18:00:00,0.347036299447533,0.3964964,0.07
2018-07-19 19:00:00,0.0660965038697809,0.28054833,0.07
2018-07-19 20:00:00,0.0795786122729711,0.123724036,0.07
2018-07-19 21:00:00,0.0711918431659647,0.12946554,0.06
2018-07-19 22:00:00,0.0411407304295361,0.10611266,0.06
2018-07-19 23:00:00,0.0531378801063431,0.0832718,0.06
2018-07-20 00:00:00,0.0677178095825296,0.09835664,0.05
2018-07-20 01:00:00,0.0310799748690517,0.13204521,0.05
2018-07-20 02:00:00,0.3609639554119928,0.13566738,0.05
2018-07-20 03:00:00,0.1785539756702829,0.3783514,0.06
2018-07-20 04:00:00,0.0458656698772082,0.2207981,0.06
2018-07-20 05:00:00,0.0427914312828397,0.099189624,0.07
2018-07-20 06:00:00,0.0339562150756632,0.0898033,0.07
2018-07-20 07:00:00,0.0623810589390863,0.09904143,0.07
2018-07-20 08:00:00,0.0317627611301346,0.1265497,0.07
2018-07-20 09:00:00,0.0463808198563123,0.12186473,0.07
2018-07-20 10:00:00,0.0265858010514439,0.1314787,0.07
2018-07-20 11:00:00,0.0587137243824124,0.1325346,0.06
2018-07-20 12:00:00,0.0335811590454944,0.16676481,0.06
2018-07-20 13:00:00,0.0528707340183253,0.1638723,0.07
2018-07-20 14:00:00,0.0367314865315813,0.20189366,0.07
2018-07-20 15:00:00,0.0438711201182119,0.23905009,0.07
2018-07-20 16:00:00,0.5488001712622165,0.3531342,0.07
2018-07-20 17:00:00,0.1703233255858044,0.5754489,0.07
2018-07-20 18:00:00,0.1494910380195409,0.30065453,0.07
2018-07-20 19:00:00,0.0594208957606261,0.2188878,0.07
2018-07-20 20:00:00,0.0332769699113688,0.13137245,0.07
2018-07-20 21:00:00,0.0687015179939737,0.093303,0.06
2018-07-20 22:00:00,0.0593075700276706,0.12799868,0.06
2018-07-20 23:00:00,0.0355767161161292,0.13654631,0.06
2018-07-21 00:00:00,0.0762670448159833,0.13784875,0.05
2018-07-21 01:00:00,0.0382257637826533,0.20056123,0.06
2018-07-21 02:00:00,0.0527747028619294,0.23158057,0.05
2018-07-21 03:00:00,0.0535425115487324,0.17741472,0.05
2018-07-21 04:00:00,0.0334544528058401,0.14477776,0.05
2018-07-21 05:00:00,0.0475141184893334,0.13438037,0.06
2018-07-21 06:00:00,0.0365786796324572,0.14884622,0.06
2018-07-21 07:00:00,0.3723642074078936,0.1499427,0.07
2018-07-21 08:00:00,0.0796688849839556,0.3648935,0.07
2018-07-21 09:00:00,0.2691486702391892,0.17258818,0.07
2018-07-21 10:00:00,0.7853247351464877,0.31980386,0.06
2018-07-21 11:00:00,0.2597979838364532,0.42683783,0.06
2018-07-21 12:00:00,1.299223669556563,0.22447285,0.06
2018-07-21 13:00:00,0.1986117672019193,0.48258266,0.06
2018-07-21 14:00:00,0.3374266873786942,0.22348493,0.06
2018-07-21 15:00:00,0.1957414424702458,0.41212645,0.06
2018-07-21 16:00:00,0.0996714140960066,0.35017547,0.07
2018-07-21 17:00:00,0.273183653581982,0.18443646,0.07
2018-07-21 18:00:00,0.2002121872096288,0.29621977,0.06
2018-07-21 19:00:00,0.0893264498898785,0.20854189,0.06
2018-07-21 20:00:00,0.0750771174749704,0.10996033,0.08
2018-07-21 21:00:00,0.0407423195083177,0.100836635,0.06
2018-07-21 22:00:00,0.0926949493777648,0.071705654,0.07
2018-07-21 23:00:00,0.0583144603847426,0.12074406,0.06
2018-07-22 00:00:00,0.0437166953142654,0.1052335,0.05
2018-07-22 01:00:00,0.0587530310316929,0.09266178,0.05
2018-07-22 02:00:00,0.0733584712939058,0.11941782,0.05
2018-07-22 03:00:00,0.0679402137620474,0.14517567,0.05
2018-07-22 04:00:00,0.050867183322689,0.14918527,0.05
2018-07-22 05:00:00,0.0221128248938921,0.14629993,0.05
2018-07-22 06:00:00,0.0570471344104447,0.14469704,0.05
2018-07-22 07:00:00,0.2363865407517611,0.20073555,0.05
2018-07-22 08:00:00,0.0619635998769214,0.3549197,0.05
2018-07-22 09:00:00,0.4943248609390928,0.23054634,0.05
2018-07-22 10:00:00,0.1872663269868645,0.47062093,0.06
2018-07-22 11:00:00,0.0514545497584505,0.31299815,0.05
2018-07-22 12:00:00,0.225520803163986,0.24044032,0.05
2018-07-22 13:00:00,0.1455731464041533,0.35410497,0.05
2018-07-22 14:00:00,1.2776692123671958,0.28478324,0.05
2018-07-22 15:00:00,0.5695964896806901,0.58064723,0.06
2018-07-22 16:00:00,0.2762394582224053,0.38379008,0.06
2018-07-22 17:00:00,0.0776096999680438,0.33837247,0.07
2018-07-22 18:00:00,0.1002762428224715,0.1851569,0.07
2018-07-22 19:00:00,0.0733265014095326,0.1449424,0.07
2018-07-22 20:00:00,0.0609437544094231,0.10832473,0.07
2018-07-22 21:00:00,0.0531804720049047,0.08632342,0.07
2018-07-22 22:00:00,0.0698415430974824,0.08826528,0.06
2018-07-22 23:00:00,0.0340634459171288,0.10145759,0.06
2018-07-23 00:00:00,0.0474774322988461,0.09030888,0.06
2018-07-23 01:00:00,0.0625615474053044,0.11117734,0.05
2018-07-23 02:00:00,0.0348367123901376,0.14016603,0.05
2018-07-23 03:00:00,0.0642268716300916,0.1311708,0.06
2018-07-23 04:00:00,0.2738001703172607,0.16074996,0.06
2018-07-23 05:00:00,0.0278827543126151,0.33453023,0.07
2018-07-23 06:00:00,0.0533793054939155,0.17280954,0.07
2018-07-23 07:00:00,0.0207069772740049,0.18051378,0.07
2018-07-23 08:00:00,0.055738965142923,0.14707506,0.07
2018-07-23 09:00:00,0.0929160768717809,0.19543213,0.07
2018-07-23 10:00:00,0.0299233619364751,0.21578468,0.07
2018-07-23 11:00:00,0.0753409165937104,0.16252612,0.07
2018-07-23 12:00:00,0.0553812566544252,0.2430689,0.07
2018-07-23 13:00:00,0.0497176334638052,0.265114,0.07
2018-07-23 14:00:00,0.2751712466514439,0.3562183,0.07
2018-07-23 15:00:00,0.4679854186987121,0.4646456,0.07
2018-07-23 16:00:00,0.9116076588518066,0.44295555,0.07
2018-07-23 17:00:00,1.122582316564561,0.40979758,0.07
2018-07-23 18:00:00,0.1780757100174097,0.34818333,0.07
2018-07-23 19:00:00,0.0648841398540259,0.11464894,0.07
2018-07-23 20:00:00,0.0729282033027458,0.11241916,0.07
2018-07-23 21:00:00,0.0609410295632621,0.094339564,0.07
2018-07-23 22:00:00,0.0427321168507749,0.078357615,0.06
2018-07-23 23:00:00,0.0623862843926617,0.056981567,0.06
2018-07-24 00:00:00,0.0424005075278067,0.079402536,0.06
2018-07-24 01:00:00,0.0286918377180945,0.082594484,0.06
2018-07-24 02:00:00,0.0465745883831294,0.0900594,0.06
2018-07-24 03:00:00,0.0555029128873748,0.13186163,0.06
2018-07-24 04:00:00,0.1927326451876915,0.17426822,0.06
2018-07-24 05:00:00,0.0673764045110327,0.2604369,0.07
2018-07-24 06:00:00,0.0784728613558522,0.15055896,0.07
2018-07-24 07:00:00,0.0338029285144359,0.14354345,0.07
2018-07-24 08:00:00,0.0411211455761566,0.11846546,0.07
2018-07-24 09:00:00,0.0565882791056243,0.12789954,0.08
2018-07-24 10:00:00,0.0283154055146721,0.14594296,0.07
2018-07-24 11:00:00,0.0534558806463488,0.14331402,0.08
2018-07-24 12:00:00,0.0501490865181343,0.17289062,0.07
2018-07-24 13:00:00,0.037395906535417,0.19990776,0.07
2018-07-24 14:00:00,0.053765120253949,0.25291395,0.07
2018-07-24 15:00:00,0.0375845010360565,0.3033553,0.07
2018-07-24 16:00:00,0.5742553765123868,0.3237363,0.07
2018-07-24 17:00:00,0.2580340850235444,0.57016915,0.08
2018-07-24 18:00:00,0.1872537032991844,0.33723825,0.07
2018-07-24 19:00:00,0.2356112373676829,0.23909745,0.07
2018-07-24 20:00:00,0.1454518708677866,0.2856109,0.07
2018-07-24 21:00:00,0.0246372927163312,0.18632361,0.07
2018-07-24 22:00:00,0.0491897993673848,0.08247697,0.06
2018-07-24 23:00:00,0.0490095474219017,0.09265359,0.06
2018-07-25 00:00:00,0.0362815063539432,0.09825593,0.06
2018-07-25 01:00:00,0.0532499514252252,0.100225545,0.06
2018-07-25 02:00:00,0.4127413909239494,0.13314718,0.06
2018-07-25 03:00:00,0.2306958688797349,0.371129,0.06
2018-07-25 04:00:00,0.244160726236194,0.3027748,0.07
2018-07-25 05:00:00,0.0688644166701295,0.27181673,0.07
2018-07-25 06:00:00,0.0369066803640703,0.12988548,0.08
2018-07-25 07:00:00,0.0621196143992835,0.07962315,0.08
2018-07-25 08:00:00,0.0359499517214171,0.10307704,0.08
2018-07-25 09:00:00,0.0496297623587327,0.09458159,0.07
2018-07-25 10:00:00,0.057412771399684,0.10807045,0.07
2018-07-25 11:00:00,0.0276958823685282,0.12996572,0.07
2018-07-25 12:00:00,0.0806558074244382,0.12277481,0.07
2018-07-25 13:00:00,0.075978953235136,0.1818654,0.07
2018-07-25 14:00:00,0.0347827770121194,0.19907683,0.08
2018-07-25 15:00:00,0.0740945922730101,0.19923672,0.08
2018-07-25 16:00:00,0.6819170146416181,0.31722036,0.08
2018-07-25 17:00:00,0.4630575924781527,0.5539354,0.08
2018-07-25 18:00:00,0.0922882619630091,0.42825636,0.08
2018-07-25 19:00:00,0.0629312241429169,0.20446213,0.07
2018-07-25 20:00:00,0.0438469085148206,0.14053756,0.07
2018-07-25 21:00:00,0.0464854641004908,0.08729358,0.07
2018-07-25 22:00:00,0.0508127773787933,0.09547816,0.06
2018-07-25 23:00:00,0.0426524303963254,0.115059726,0.06
2018-07-26 00:00:00,0.0644798827703731,0.13627456,0.06
2018-07-26 01:00:00,0.044362105410205,0.20060793,0.06
2018-07-26 02:00:00,0.1020118716829908,0.26096123,0.06
2018-07-26 03:00:00,0.3161424437768261,0.27011746,0.06
2018-07-26 04:00:00,0.0710473662264596,0.38667345,0.06
2018-07-26 05:00:00,0.0392273264743852,0.15466721,0.07
2018-07-26 06:00:00,0.0498196110134311,0.09955572,0.07
2018-07-26 07:00:00,0.0402846750199126,0.11288175,0.08
2018-07-26 08:00:00,0.0357301478522251,0.11114986,0.08
2018-07-26 09:00:00,0.0619948425868948,0.118124574,0.08
2018-07-26 10:00:00,0.0252336351088657,0.14968298,0.1
2018-07-26 11:00:00,0.0524809822164346,0.13409287,0.08
2018-07-26 12:00:00,0.0400133495370878,0.16686359,0.08
2018-07-26 13:00:00,0.0311019619718347,0.17071721,0.08
2018-07-26 14:00:00,0.0799059363753808,0.18081874,0.08
2018-07-26 15:00:00,0.0647591488613668,0.2728511,0.1
2018-07-26 16:00:00,0.0360748281209762,0.33253545,0.08
2018-07-26 17:00:00,0.3941747504450453,0.231582,0.1
2018-07-26 18:00:00,0.6767037982116538,0.38404524,0.1
2018-07-26 19:00:00,0.1261041169803742,0.3971634,0.08
2018-07-26 20:00:00,0.0308744308514635,0.14289328,0.1
2018-07-26 21:00:00,0.0515985742397745,0.08713922,0.08
2018-07-26 22:00:00,0.0683369016939117,0.0949754,0.07
2018-07-26 23:00:00,0.0565095281439477,0.11602665,0.06
